x,y,yaw,qw,qx,qy,qz
2.8981170654296875,-1.6962461471557617,0.21932626597255298,0.9939930222476093,0.0,0.0,0.10944346359222963
3.9030818939208984,-1.5097827911376953,0.11103232797240399,0.9984593735190558,0.0,0.0,0.05548765116613533
4.815896987915039,-1.3428306579589844,0.126308275642369,0.9980064401705213,0.0,0.0,0.06311216505685403
